,0,1,accuracy,macro avg,weighted avg
precision,1.0,0.6598584200915408,0.7720967370319464,0.8299292100457705,0.8496161129641933
recall,0.5914823016726362,1.0,0.7720967370319464,0.7957411508363181,0.7720967370319464
f1-score,0.7433099332000017,0.7950779561730931,0.7720967370319464,0.7691939446865474,0.76619768635546
support,140437.0,111297.0,0.7720967370319464,251734.0,251734.0
