,0,1,accuracy,macro avg,weighted avg
precision,0.6950476164148779,0.7821334002285587,0.7571047216506313,0.7385905083217184,0.751217106331584
recall,0.5626846298451347,0.8641156399738862,0.7571047216506313,0.7134001349095105,0.7571047216506313
f1-score,0.6219012225059827,0.8210831862964556,0.7571047216506313,0.7214922044012191,0.7503716664380853
support,89368.0,162366.0,0.7571047216506313,251734.0,251734.0
